"","animal_project_code","tag_id","station_name","receiver_id","deploy_latitude","deploy_longitude","arrival","departure","detections"
"1","Reelease","A69-1303-339","Johnring","000410","55.403733","12.29945",2020-11-30 17:03:53,2020-11-30 19:42:53,83
"2","Reelease","A69-1303-339","S4","VR2W-135450","56.04414","12.65641",2020-12-07 23:55:16,2020-12-07 23:57:14,3
"3","Reelease","A69-1303-339","Sound6","VR2W-103417","56.05462","12.6503",2020-12-08 00:13:55,2020-12-08 00:13:55,1
"4","Reelease","A69-1303-340","Johnring","000410","55.403733","12.29945",2020-11-30 17:01:34,2020-11-30 21:05:28,128
"5","Reelease","A69-1303-341","Releasesite4","VR2W-102835","55.40425","12.304317",2020-11-30 16:59:18,2020-11-30 23:04:18,247
"6","Reelease","A69-1303-341","S0","VR2AR-549004","56.04158","12.62479",2020-12-07 15:30:23,2020-12-07 15:33:55,4
"7","Reelease","A69-1303-342","Releasesite4","VR2W-102835","55.40425","12.304317",2020-11-30 17:01:42,2020-12-01 05:59:19,335
"8","Reelease","A69-1303-342","Johnring","000410","55.403733","12.29945",2020-12-01 19:06:35,2020-12-01 19:10:36,5
"9","Reelease","A69-1303-342","Releasesite5","VR2W-102817","55.402133","12.3056",2020-12-01 20:17:07,2020-12-01 20:19:16,3
"10","Reelease","A69-1303-343","Releasesite4","VR2W-102835","55.40425","12.304317",2020-11-30 17:01:30,2020-11-30 22:46:52,246
"11","Reelease","A69-1303-343","Sound2.5","VR2AR-549001","56.04847","12.62524",2020-12-07 23:03:18,2020-12-07 23:04:08,2
"12","Reelease","A69-1303-344","Johnring","000410","55.403733","12.29945",2020-11-30 17:56:58,2020-11-30 23:07:21,98
"13","Reelease","A69-1303-344","Sound10","VR2W-126514","56.05746","12.67719",2020-12-23 05:35:16,2020-12-23 05:45:22,9
"14","Reelease","A69-1303-345","Johnring","none","55.403733","12.29945",2020-11-30 17:59:00,2020-11-30 19:18:18,24
"15","Reelease","A69-1303-345","Johnring","000344","55.403733","12.29945",2020-12-01 18:20:41,2020-12-01 18:42:08,9
"16","Reelease","A69-1303-346","Johnring","000410","55.403733","12.29945",2020-11-30 17:58:29,2020-11-30 20:13:04,59
"17","Reelease","A69-1303-346","Johnring","000410","55.403733","12.29945",2020-12-01 01:59:19,2020-12-01 01:59:38,2
"18","Reelease","A69-1303-346","S5","VR2AR-548700","56.04455","12.66497",2020-12-25 17:16:57,2020-12-25 17:34:24,15
"19","Reelease","A69-1303-347","Johnring","none","55.403733","12.29945",2020-11-30 17:59:00,2020-11-30 21:28:49,72
"20","Reelease","A69-1303-347","Releasesite4","VR2W-102835","55.40425","12.304317",2020-11-30 22:39:14,2020-12-01 00:16:49,5
"21","Reelease","A69-1303-347","Releasesite4","VR2W-102835","55.40425","12.304317",2020-12-01 01:30:12,2020-12-01 01:30:12,1
"22","Reelease","A69-1303-348","Johnring","none","55.403733","12.29945",2020-11-30 17:59:00,2020-12-01 15:50:45,1037
"23","Reelease","A69-1303-349","Johnring","none","55.403733","12.29945",2020-11-30 17:59:00,2020-11-30 21:13:37,58
"24","Reelease","A69-1303-349","S4","VR2W-135450","56.04414","12.65641",2020-12-23 23:34:49,2020-12-23 23:51:36,19
"25","Reelease","A69-1303-350","Johnring","none","55.403733","12.29945",2020-11-30 17:59:00,2020-11-30 20:10:46,37
"26","Reelease","A69-1303-351","Johnring","none","55.403733","12.29945",2020-11-30 17:59:00,2020-12-01 06:48:05,428
"27","Reelease","A69-1303-351","Johnring","000344","55.403733","12.29945",2020-12-02 03:01:27,2020-12-02 03:44:50,23
"28","Reelease","A69-1303-351","Releasesite3","VR2W-102653","55.40695","12.3004",2020-12-02 06:59:30,2020-12-02 07:33:05,5
"29","Reelease","A69-1303-351","S4","VR2W-135450","56.04414","12.65641",2021-02-08 11:44:47,2021-02-08 11:47:16,4
"30","Reelease","A69-1303-352","Johnring","none","55.403733","12.29945",2020-11-30 17:59:00,2020-12-02 00:57:51,2520
"31","Reelease","A69-1303-352","Johnring","000344","55.403733","12.29945",2020-12-02 03:13:18,2020-12-04 13:31:08,3438
"32","Reelease","A69-1303-352","Johnring","000344","55.403733","12.29945",2020-12-04 23:04:06,2020-12-04 23:04:06,1
"33","Reelease","A69-1303-352","Johnring","000344","55.403733","12.29945",2020-12-05 00:12:30,2020-12-05 01:05:22,2
"34","Reelease","A69-1303-353","Johnring","none","55.403733","12.29945",2020-11-30 17:59:00,2020-12-01 04:02:16,312
"35","Reelease","A69-1303-354","Johnring","none","55.403733","12.29945",2020-11-30 17:59:00,2020-11-30 17:59:00,1
"36","Reelease","A69-1303-354","Johnring","000410","55.403733","12.29945",2020-11-30 19:19:48,2020-11-30 19:21:49,3
"37","Reelease","A69-1303-354","Releasesite3","VR2W-102653","55.40695","12.3004",2020-12-01 16:33:52,2020-12-01 16:40:47,5
"38","Reelease","A69-1303-354","Sound2.5","VR2AR-549001","56.04847","12.62524",2021-02-16 03:39:30,2021-02-16 03:55:21,16
"39","Reelease","A69-1303-354","Sound6","VR2W-103417","56.05462","12.6503",2021-02-16 12:01:15,2021-02-16 12:03:43,2
"40","Reelease","A69-1303-354","Sound4","VR2W-133219","56.0587","12.63245",2021-02-16 14:33:01,2021-02-16 15:12:40,21
"41","Reelease","A69-1303-355","Johnring","none","55.403733","12.29945",2020-11-30 17:59:00,2020-11-30 17:59:00,1
"42","Reelease","A69-1303-355","Johnring","000410","55.403733","12.29945",2020-11-30 19:17:41,2020-12-01 01:16:54,314
"43","Reelease","A69-1303-356","Johnring","none","55.403733","12.29945",2020-11-30 17:59:00,2020-11-30 21:12:31,46
"44","Reelease","A69-1303-356","Releasesite2","VR2W-102670","55.407583","12.295033",2020-12-04 17:00:01,2020-12-04 17:23:39,6
"45","Reelease","A69-1303-357","Johnring","none","55.403733","12.29945",2020-11-30 17:59:00,2020-11-30 19:36:14,7
"46","Reelease","A69-1303-357","Releasesite4","VR2W-102835","55.40425","12.304317",2020-11-30 21:51:11,2020-12-01 01:04:01,45
"47","Reelease","A69-1303-358","Johnring","none","55.403733","12.29945",2020-11-30 17:59:00,2020-11-30 19:16:42,4
"48","Reelease","A69-1303-358","Releasesite4","VR2W-102835","55.40425","12.304317",2020-12-01 02:37:42,2020-12-01 02:37:42,1
"49","Reelease","A69-1303-358","Releasesite3","VR2W-102653","55.40695","12.3004",2020-12-01 17:09:27,2020-12-01 17:19:20,7
"50","Reelease","A69-1303-359","Johnring","none","55.403733","12.29945",2020-11-30 17:59:00,2020-11-30 17:59:00,1
"51","Reelease","A69-1303-359","Johnring","000344","55.403733","12.29945",2020-11-30 19:16:37,2020-11-30 19:17:22,2
"52","Reelease","A69-1303-359","Releasesite4","VR2W-102835","55.40425","12.304317",2020-11-30 20:31:05,2020-11-30 20:32:23,2
"53","Reelease","A69-1303-359","Releasesite3","VR2W-102653","55.40695","12.3004",2020-12-01 20:42:42,2020-12-01 20:57:34,13
"54","Reelease","A69-1303-360","Johnring","none","55.403733","12.29945",2020-11-30 17:59:00,2020-11-30 20:07:10,27
"55","Reelease","A69-1303-360","Releasesite4","VR2W-102835","55.40425","12.304317",2020-12-01 01:19:20,2020-12-01 02:59:34,6
"56","Reelease","A69-1303-361","Johnring","none","55.403733","12.29945",2020-11-30 17:59:00,2020-11-30 17:59:00,1
"57","Reelease","A69-1303-361","Johnring","000410","55.403733","12.29945",2020-11-30 19:02:32,2020-11-30 20:13:47,14
"58","Reelease","A69-1303-361","Johnring","000344","55.403733","12.29945",2020-12-01 03:19:32,2020-12-01 03:36:11,2
"59","Reelease","A69-1303-362","Johnring","none","55.403733","12.29945",2020-11-30 17:59:00,2020-11-30 21:37:03,42
"60","Reelease","A69-1303-363","Johnring","none","55.403733","12.29945",2020-11-30 17:59:00,2020-11-30 17:59:00,1
"61","Reelease","A69-1303-363","Releasesite5","VR2W-102817","55.402133","12.3056",2020-11-30 19:09:36,2020-11-30 20:46:38,47
"62","Reelease","A69-1303-364","Johnring","none","55.403733","12.29945",2020-11-30 17:59:00,2020-11-30 17:59:00,1
"63","Reelease","A69-1303-364","Johnring","000344","55.403733","12.29945",2020-11-30 19:18:10,2020-11-30 22:13:06,57
"64","Reelease","A69-1303-364","Sound2.5","VR2AR-549001","56.04847","12.62524",2020-12-07 19:55:39,2020-12-07 19:56:55,2
"65","Reelease","A69-1303-365","Johnring","none","55.403733","12.29945",2020-11-30 17:59:00,2020-11-30 17:59:00,1
"66","Reelease","A69-1303-365","Johnring","000410","55.403733","12.29945",2020-11-30 19:20:32,2020-11-30 20:44:07,35
"67","Reelease","A69-1303-366","Johnring","none","55.403733","12.29945",2020-11-30 17:59:00,2020-11-30 17:59:00,1
"68","Reelease","A69-1303-366","Johnring","000410","55.403733","12.29945",2020-11-30 19:27:09,2020-11-30 19:53:54,15
"69","Reelease","A69-1303-366","Johnring","000410","55.403733","12.29945",2020-11-30 21:46:55,2020-12-01 03:26:31,40
"70","Reelease","A69-1303-366","Johnring","000344","55.403733","12.29945",2020-12-01 04:27:13,2020-12-01 05:50:47,21
"71","Reelease","A69-1303-366","Releasesite4","VR2W-102835","55.40425","12.304317",2020-12-01 15:00:34,2020-12-01 15:05:43,6
"72","Reelease","A69-1303-366","Johnring","000344","55.403733","12.29945",2020-12-02 01:51:48,2020-12-02 01:51:48,1
"73","Reelease","A69-9006-5417","Johnring","VR2W-133213","55.403733","12.29945",2019-11-20 12:31:17,2019-11-20 16:10:41,36
"74","Reelease","A69-9006-5417","Sound5","VR2W-103417","56.0622667","12.6413833",2020-02-20 02:52:20,2020-02-20 03:00:46,6
"75","Reelease","A69-9006-5418","Johnring","VR2W-133213","55.403733","12.29945",2019-11-20 12:24:00,2019-11-20 17:09:33,43
"76","Reelease","A69-9006-5418","Sound5","VR2W-103417","56.0622667","12.6413833",2019-11-23 21:42:12,2019-11-23 22:03:35,10
"77","Reelease","A69-9006-5419","Johnring","VR2W-133213","55.403733","12.29945",2019-11-20 12:27:11,2019-11-20 14:14:19,13
"78","Reelease","A69-9006-5419","Johnring","none","55.403733","12.29945",2019-11-20 15:45:00,2019-11-20 17:37:00,8
"79","Reelease","A69-9006-5420","Johnring","VR2W-133213","55.403733","12.29945",2019-11-20 12:26:58,2019-11-20 17:55:47,46
"80","Reelease","A69-9006-5421","Johnring","VR2W-133213","55.403733","12.29945",2019-11-20 12:34:06,2019-11-20 16:21:48,60
"81","Reelease","A69-9006-5421","Releasesite3","VR2W-135452","55.40695","12.3004",2019-11-20 20:16:20,2019-11-21 07:10:56,367
"82","Reelease","A69-9006-5421","Releasesite4","VR2W-135454","55.40425","12.304317",2019-11-21 20:30:42,2019-11-21 20:44:16,3
"83","Reelease","A69-9006-5421","Releasesite3","VR2W-135452","55.40695","12.3004",2019-11-22 04:31:23,2019-11-22 06:40:51,7
"84","Reelease","A69-9006-5421","Johnring","VR2W-133213","55.403733","12.29945",2019-11-22 09:44:10,2019-11-23 06:49:09,1231
"85","Reelease","A69-9006-5421","Johnring","VR2W-133213","55.403733","12.29945",2019-11-25 10:33:12,2019-11-26 06:13:45,977
"86","Reelease","A69-9006-5421","Releasesite3","VR2W-135452","55.40695","12.3004",2019-11-26 09:26:41,2019-11-27 08:14:32,1413
"87","Reelease","A69-9006-5421","Releasesite2","VR2W-135455","55.407583","12.295033",2019-11-27 10:52:36,2019-11-27 20:03:57,465
"88","Reelease","A69-9006-5421","Releasesite5","VR2W-135468","55.402133","12.3056",2019-11-27 20:06:13,2019-11-28 06:09:32,695
"89","Reelease","A69-9006-5421","Releasesite1","VR2W-135451","55.4062","12.291033",2019-11-28 08:39:13,2019-11-28 10:13:12,96
"90","Reelease","A69-9006-5421","Releasesite5","VR2W-135468","55.402133","12.3056",2019-11-28 10:13:13,2019-11-28 10:54:55,44
"91","Reelease","A69-9006-5421","Johnring","VR2W-133213","55.403733","12.29945",2019-11-30 11:26:09,2019-11-30 11:59:41,24
"92","Reelease","A69-9006-5421","Johnring","VR2W-133213","55.403733","12.29945",2019-11-30 13:48:28,2019-12-02 12:40:07,2915
"93","Reelease","A69-9006-5421","Johnring","VR2W-133213","55.403733","12.29945",2019-12-02 13:55:46,2019-12-03 08:28:32,1329
"94","Reelease","A69-9006-5421","Johnring","VR2W-133213","55.403733","12.29945",2019-12-03 09:44:26,2019-12-04 11:23:20,1532
"95","Reelease","A69-9006-5421","Releasesite5","VR2W-135468","55.402133","12.3056",2019-12-04 12:49:30,2019-12-05 07:43:48,1719
"96","Reelease","A69-9006-5421","Johnring","VR2W-133213","55.403733","12.29945",2019-12-05 09:38:28,2019-12-09 06:20:59,5276
"97","Reelease","A69-9006-5421","Johnring","VR2W-133213","55.403733","12.29945",2019-12-09 08:12:15,2019-12-09 13:30:06,280
"98","Reelease","A69-9006-5422","Johnring","VR2W-133213","55.403733","12.29945",2019-11-20 12:24:49,2019-11-20 18:01:18,40
"99","Reelease","A69-9006-5423","Johnring","VR2W-133213","55.403733","12.29945",2019-11-20 12:22:21,2019-11-20 17:20:55,31
"100","Reelease","A69-9006-5424","Johnring","VR2W-133213","55.403733","12.29945",2019-11-20 12:31:08,2019-11-20 15:45:00,20
"101","Reelease","A69-9006-5424","Johnring","VR2W-133213","55.403733","12.29945",2019-11-20 17:10:19,2019-11-20 19:12:10,33
"102","Reelease","A69-9006-5424","Sound7","VR2W-135450","56.0684833","12.6631833",2020-01-11 15:41:14,2020-01-11 15:53:57,4
"103","Reelease","A69-9006-5424","Sound5","VR2W-103417","56.0622667","12.6413833",2020-01-13 13:35:43,2020-01-13 14:59:12,28
"104","Reelease","A69-9006-5425","Johnring","VR2W-133213","55.403733","12.29945",2019-11-20 12:24:29,2019-11-20 17:25:26,36
"105","Reelease","A69-9006-5425","Sound4","VR2W-108765","56.0587","12.63245",2019-11-27 17:27:25,2019-11-27 17:53:55,10
"106","Reelease","A69-9006-5426","Johnring","none","55.403733","12.29945",2019-11-20 15:45:00,2019-11-20 15:45:00,1
"107","Reelease","A69-9006-5426","Releasesite4","VR2W-135454","55.40425","12.304317",2019-11-20 17:10:32,2019-11-21 06:30:27,231
"108","Reelease","A69-9006-5426","Releasesite5","VR2W-135468","55.402133","12.3056",2019-11-21 08:34:58,2019-11-21 08:47:44,2
"109","Reelease","A69-9006-5427","Johnring","none","55.403733","12.29945",2019-11-20 15:45:00,2019-11-20 15:45:00,1
"110","Reelease","A69-9006-5427","Releasesite3","VR2W-135452","55.40695","12.3004",2019-11-20 17:20:47,2019-11-20 17:50:45,7
"111","Reelease","A69-9006-5427","Sound5","VR2W-103417","56.0622667","12.6413833",2019-11-30 22:09:01,2019-11-30 22:27:20,9
"112","Reelease","A69-9006-5428","Johnring","none","55.403733","12.29945",2019-11-20 15:45:00,2019-11-20 15:45:00,1
"113","Reelease","A69-9006-5428","Releasesite5","VR2W-135468","55.402133","12.3056",2019-11-20 17:33:53,2019-11-20 17:33:53,1
"114","Reelease","A69-9006-5428","VB2","VR2W-125456","55.301233","10.862217",2019-11-28 01:38:48,2019-11-28 01:43:25,3
"115","Reelease","A69-9006-5428","STSUB1","VR2W-135459","55.341383","11.030783",2019-12-12 23:36:52,2019-12-13 00:38:46,36
"116","Reelease","A69-9006-5428","STSUB1","VR2W-135459","55.341383","11.030783",2019-12-13 20:30:51,2019-12-14 00:11:54,65
"117","Reelease","A69-9006-5428","STSUB1","VR2W-135459","55.341383","11.030783",2019-12-14 04:37:10,2019-12-14 04:54:39,6
"118","Reelease","A69-9006-5428","STSUB1","VR2W-135459","55.341383","11.030783",2019-12-14 06:09:36,2019-12-14 07:07:52,24
"119","Reelease","A69-9006-5428","STSUB1","VR2W-135459","55.341383","11.030783",2019-12-14 16:12:34,2019-12-14 19:18:21,68
"120","Reelease","A69-9006-5429","Johnring","none","55.403733","12.29945",2019-11-20 15:45:00,2019-11-20 15:45:00,1
"121","Reelease","A69-9006-5429","Releasesite3","VR2W-135452","55.40695","12.3004",2019-11-20 18:39:18,2019-11-21 07:04:32,448
"122","Reelease","A69-9006-5429","S4","VR2W-135450","56.04414","12.65641",2020-10-21 20:58:17,2020-10-21 21:11:01,8
"123","Reelease","A69-9006-5429","Sound6","VR2W-103417","56.05462","12.6503",2020-10-21 21:49:57,2020-10-21 21:58:18,5
"124","Reelease","A69-9006-5430","Johnring","none","55.403733","12.29945",2019-11-20 15:45:00,2019-11-20 15:45:00,1
"125","Reelease","A69-9006-5430","Releasesite2","VR2W-135455","55.407583","12.295033",2019-11-20 17:52:45,2019-11-20 17:56:25,2
"126","Reelease","A69-9006-5430","Releasesite5","VR2W-135468","55.402133","12.3056",2019-11-20 18:05:12,2019-11-20 19:02:42,6
"127","Reelease","A69-9006-5430","Releasesite2","VR2W-135455","55.407583","12.295033",2019-11-20 19:11:32,2019-11-20 21:20:48,58
"128","Reelease","A69-9006-5430","Releasesite5","VR2W-135468","55.402133","12.3056",2019-11-20 21:23:03,2019-11-20 21:49:05,14
"129","Reelease","A69-9006-5430","Releasesite2","VR2W-135455","55.407583","12.295033",2019-11-20 21:49:06,2019-11-20 21:49:06,1
"130","Reelease","A69-9006-5430","Releasesite5","VR2W-135468","55.402133","12.3056",2019-11-20 21:50:19,2019-11-20 21:51:56,3
"131","Reelease","A69-9006-5430","Releasesite2","VR2W-135455","55.407583","12.295033",2019-11-20 21:51:57,2019-11-21 03:06:32,179
"132","Reelease","A69-9006-5430","Releasesite5","VR2W-135468","55.402133","12.3056",2019-11-21 03:06:34,2019-11-21 03:06:34,2
"133","Reelease","A69-9006-5430","Releasesite2","VR2W-135455","55.407583","12.295033",2019-11-21 03:06:36,2019-11-21 03:07:53,2
"134","Reelease","A69-9006-5430","Releasesite5","VR2W-135468","55.402133","12.3056",2019-11-21 03:07:54,2019-11-21 03:07:54,1
"135","Reelease","A69-9006-5430","Releasesite2","VR2W-135455","55.407583","12.295033",2019-11-21 03:07:55,2019-11-21 03:22:16,12
"136","Reelease","A69-9006-5430","Releasesite5","VR2W-135468","55.402133","12.3056",2019-11-21 03:22:17,2019-11-21 04:55:57,58
"137","Reelease","A69-9006-5430","Releasesite2","VR2W-135455","55.407583","12.295033",2019-11-21 04:55:59,2019-11-21 05:06:45,7
"138","Reelease","A69-9006-5430","Releasesite5","VR2W-135468","55.402133","12.3056",2019-11-21 05:06:46,2019-11-21 05:06:46,1
"139","Reelease","A69-9006-5430","Releasesite2","VR2W-135455","55.407583","12.295033",2019-11-21 05:09:07,2019-11-21 05:12:11,4
"140","Reelease","A69-9006-5430","Releasesite5","VR2W-135468","55.402133","12.3056",2019-11-21 05:12:12,2019-11-21 05:29:33,12
"141","Reelease","A69-9006-5430","Releasesite2","VR2W-135455","55.407583","12.295033",2019-11-21 05:32:44,2019-11-21 06:59:32,29
"142","Reelease","A69-9006-5430","Releasesite5","VR2W-135468","55.402133","12.3056",2019-11-21 07:10:14,2019-11-21 07:47:50,5
"143","Reelease","A69-9006-5431","Johnring","none","55.403733","12.29945",2019-11-20 15:45:00,2019-11-20 15:45:00,1
"144","Reelease","A69-9006-5431","Johnring","VR2W-133213","55.403733","12.29945",2019-11-20 17:18:30,2019-11-20 19:14:39,72
"145","Reelease","A69-9006-5432","Johnring","none","55.403733","12.29945",2019-11-20 15:45:00,2019-11-20 15:45:00,1
"146","Reelease","A69-9006-5432","Releasesite3","VR2W-135452","55.40695","12.3004",2019-11-20 17:14:27,2019-11-20 17:46:56,5
"147","Reelease","A69-9006-5432","Sound7","VR2W-135450","56.0684833","12.6631833",2020-01-12 11:55:10,2020-01-12 12:04:18,5
"148","Reelease","A69-9006-5433","Johnring","none","55.403733","12.29945",2019-11-20 15:45:00,2019-11-20 15:45:00,1
"149","Reelease","A69-9006-5433","Releasesite3","VR2W-135452","55.40695","12.3004",2019-11-20 17:12:53,2019-11-21 06:51:07,241
"150","Reelease","A69-9006-5434","Johnring","none","55.403733","12.29945",2019-11-20 15:45:00,2019-11-20 15:45:00,1
"151","Reelease","A69-9006-5434","Releasesite5","VR2W-135468","55.402133","12.3056",2019-11-20 17:41:55,2019-11-20 17:41:55,1
"152","Reelease","A69-9006-5435","Johnring","none","55.403733","12.29945",2019-11-20 15:45:00,2019-11-20 15:45:00,1
"153","Reelease","A69-9006-5435","Johnring","VR2W-133213","55.403733","12.29945",2019-11-20 17:06:20,2019-11-20 17:06:20,1
"154","Reelease","A69-9006-5435","Sound6","VR2W-133223","56.05462","12.6503",2019-12-10 18:07:10,2019-12-10 18:07:10,1
"155","Reelease","A69-9006-5436","Johnring","none","55.403733","12.29945",2019-11-20 15:45:00,2019-11-20 15:45:00,1
"156","Reelease","A69-9006-5436","Releasesite4","VR2W-135454","55.40425","12.304317",2019-11-20 17:18:01,2019-11-20 17:28:21,5
"157","Reelease","A69-9006-5437","Johnring","none","55.403733","12.29945",2019-11-20 15:45:00,2019-11-20 15:45:00,1
"158","Reelease","A69-9006-5437","Johnring","VR2W-133213","55.403733","12.29945",2019-11-20 17:22:53,2019-11-21 06:45:16,232
"159","Reelease","A69-9006-5437","Releasesite3","VR2W-135452","55.40695","12.3004",2019-11-21 09:54:50,2019-11-21 10:05:00,5
"160","Reelease","A69-9006-5438","Johnring","none","55.403733","12.29945",2019-11-20 15:45:00,2019-11-20 15:45:00,1
"161","Reelease","A69-9006-5438","Releasesite5","VR2W-135468","55.402133","12.3056",2019-11-20 17:42:06,2019-11-20 17:42:06,1
"162","Reelease","A69-9006-5438","Sound3","VR2W-133216","56.0515333","12.6251667",2019-11-26 21:29:59,2019-11-26 21:41:23,10
"163","Reelease","A69-9006-5439","Johnring","none","55.403733","12.29945",2019-11-20 15:45:00,2019-11-20 15:45:00,1
"164","Reelease","A69-9006-5439","Releasesite4","VR2W-135454","55.40425","12.304317",2019-11-20 17:08:53,2019-11-20 17:10:38,2
"165","Reelease","A69-9006-5439","Lilleb3","VR2W-131092","55.516467","9.709167",2019-12-20 14:04:37,2019-12-20 14:09:57,7
"166","Reelease","A69-9006-5440","Johnring","none","55.403733","12.29945",2019-11-20 15:45:00,2019-11-20 15:45:00,1
"167","Reelease","A69-9006-5440","Releasesite5","VR2W-135468","55.402133","12.3056",2019-11-20 17:14:34,2019-11-20 19:15:21,18
"168","Reelease","A69-9006-5440","Releasesite2","VR2W-135455","55.407583","12.295033",2019-11-20 19:15:25,2019-11-20 21:51:41,61
"169","Reelease","A69-9006-5440","Releasesite5","VR2W-135468","55.402133","12.3056",2019-11-20 21:53:12,2019-11-20 21:54:34,3
"170","Reelease","A69-9006-5440","Releasesite2","VR2W-135455","55.407583","12.295033",2019-11-20 21:54:36,2019-11-20 23:20:28,61
"171","Reelease","A69-9006-5440","Releasesite5","VR2W-135468","55.402133","12.3056",2019-11-20 23:20:29,2019-11-20 23:20:29,1
"172","Reelease","A69-9006-5440","Releasesite2","VR2W-135455","55.407583","12.295033",2019-11-20 23:20:30,2019-11-20 23:36:22,6
"173","Reelease","A69-9006-5440","Releasesite5","VR2W-135468","55.402133","12.3056",2019-11-20 23:37:39,2019-11-20 23:53:38,10
"174","Reelease","A69-9006-5440","Releasesite2","VR2W-135455","55.407583","12.295033",2019-11-20 23:53:39,2019-11-21 03:12:28,109
"175","Reelease","A69-9006-5440","Releasesite5","VR2W-135468","55.402133","12.3056",2019-11-21 03:14:32,2019-11-21 07:50:19,96
"176","Reelease","A69-9006-5440","Johnring","VR2W-133213","55.403733","12.29945",2019-11-22 09:41:41,2019-11-23 06:04:23,1156
"177","Reelease","A69-9006-5440","Releasesite4","VR2W-135454","55.40425","12.304317",2019-11-25 10:32:06,2019-11-26 06:06:47,935
"178","Reelease","A69-9006-5440","Releasesite3","VR2W-135452","55.40695","12.3004",2019-11-26 09:26:56,2019-11-27 06:04:51,1339
"179","Reelease","A69-9006-5440","Johnring","VR2W-133213","55.403733","12.29945",2019-11-27 07:30:07,2019-11-27 08:17:37,39
"180","Reelease","A69-9006-5440","Releasesite2","VR2W-135455","55.407583","12.295033",2019-11-27 10:52:53,2019-11-27 10:59:30,3
"181","Reelease","A69-9006-5440","Releasesite5","VR2W-135468","55.402133","12.3056",2019-11-27 11:00:16,2019-11-28 06:08:31,1082
"182","Reelease","A69-9006-5440","Releasesite2","VR2W-135455","55.407583","12.295033",2019-11-28 08:40:09,2019-11-28 08:52:30,12
"183","Reelease","A69-9006-5440","Releasesite5","VR2W-135468","55.402133","12.3056",2019-11-28 08:52:31,2019-11-28 10:54:53,127
"184","Reelease","A69-9006-5440","Releasesite3","VR2W-135452","55.40695","12.3004",2019-11-30 11:23:24,2019-11-30 11:58:38,24
"185","Reelease","A69-9006-5440","VB16","VR2W-112452","55.32425","10.943683",2020-09-10 12:48:56,2020-09-10 13:21:41,5
"186","Reelease","A69-9006-5440","VB16","VR2W-112452","55.32425","10.943683",2020-09-10 14:23:33,2020-09-10 21:05:48,159
"187","Reelease","A69-9006-5440","VB16","VR2W-112452","55.32425","10.943683",2020-09-10 22:13:42,2020-09-11 08:34:27,224
"188","Reelease","A69-9006-5441","Johnring","none","55.403733","12.29945",2019-11-20 15:45:00,2019-11-20 15:45:00,1
"189","Reelease","A69-9006-5441","Releasesite4","VR2W-135454","55.40425","12.304317",2019-11-20 17:18:33,2019-11-21 06:48:58,312
"190","Reelease","A69-9006-5441","Releasesite1","VR2W-135451","55.4062","12.291033",2019-11-21 09:52:20,2019-11-21 10:02:08,4
"191","Reelease","A69-9006-5442","Johnring","none","55.403733","12.29945",2019-11-20 15:45:00,2019-11-20 15:45:00,1
"192","Reelease","A69-9006-5442","Johnring","VR2W-133213","55.403733","12.29945",2019-11-20 17:29:02,2019-11-20 17:30:13,2
"193","Reelease","A69-9006-5442","STSUB1","VR2W-135459","55.341383","11.030783",2019-12-25 21:59:19,2019-12-25 22:22:52,14
"194","Reelease","A69-9006-5443","Johnring","none","55.403733","12.29945",2019-11-20 15:45:00,2019-11-20 15:45:00,1
"195","Reelease","A69-9006-5443","Releasesite1","VR2W-135451","55.4062","12.291033",2019-11-20 17:12:32,2019-11-20 17:35:13,3
"196","Reelease","A69-9006-5444","Johnring","none","55.403733","12.29945",2019-11-20 15:45:00,2019-11-20 15:45:00,1
"197","Reelease","A69-9006-5444","Johnring","VR2W-133213","55.403733","12.29945",2019-11-20 17:17:25,2019-11-20 20:18:07,89
"198","Reelease","A69-9006-5444","STSUB1","VR2W-135459","55.341383","11.030783",2019-11-28 04:06:53,2019-11-28 04:25:47,6
"199","Reelease","A69-9006-5444","VB11","VR2W-125447","55.314733","10.916733",2019-11-30 05:18:20,2019-11-30 06:10:48,43
"200","Reelease","A69-9006-5445","Johnring","none","55.403733","12.29945",2019-11-20 15:45:00,2019-11-20 15:45:00,1
"201","Reelease","A69-9006-5445","Releasesite3","VR2W-135452","55.40695","12.3004",2019-11-20 17:45:16,2019-11-20 18:08:52,10
"202","Reelease","A69-9006-5446","Johnring","none","55.403733","12.29945",2019-11-20 15:45:00,2019-11-20 15:45:00,1
"203","Reelease","A69-9006-5446","Releasesite1","VR2W-135451","55.4062","12.291033",2019-11-20 17:20:02,2019-11-20 17:49:21,8
"204","Reelease","A69-9006-5446","Sound2","VR2W-132672","56.04825","12.6187667",2019-11-23 21:43:50,2019-11-23 21:48:41,7
"205","Reelease","A69-9006-5447","Johnring","none","55.403733","12.29945",2019-11-20 15:45:00,2019-11-20 15:45:00,1
"206","Reelease","A69-9006-5447","Johnring","VR2W-133213","55.403733","12.29945",2019-11-20 17:24:28,2019-11-20 18:29:12,6
"207","Reelease","A69-9006-5447","Sound5","VR2W-103417","56.0622667","12.6413833",2019-12-24 04:15:46,2019-12-24 04:15:46,1
"208","Reelease","A69-9006-5447","Sound6","VR2W-133223","56.05462","12.6503",2019-12-24 04:16:22,2019-12-24 04:16:22,1
"209","Reelease","A69-9006-5447","Sound5","VR2W-103417","56.0622667","12.6413833",2019-12-24 04:16:50,2019-12-24 04:16:50,1
"210","Reelease","A69-9006-5447","Sound6","VR2W-133223","56.05462","12.6503",2019-12-24 04:17:18,2019-12-24 04:35:16,15
"211","Reelease","A69-9006-5447","Sound7","VR2W-135450","56.0684833","12.6631833",2019-12-24 04:50:27,2019-12-24 04:51:41,2
"212","Reelease","A69-9006-5448","Johnring","none","55.403733","12.29945",2019-11-20 15:45:00,2019-11-20 15:45:00,1
"213","Reelease","A69-9006-5448","Johnring","VR2W-133213","55.403733","12.29945",2019-11-20 17:05:20,2019-11-20 17:58:44,16
"214","Reelease","A69-9006-5448","Releasesite3","VR2W-135452","55.40695","12.3004",2019-11-21 03:08:16,2019-11-21 03:08:16,1
"215","Reelease","A69-9006-5449","Johnring","none","55.403733","12.29945",2019-11-20 15:45:00,2019-11-20 15:45:00,1
"216","Reelease","A69-9006-5449","Releasesite5","VR2W-135468","55.402133","12.3056",2019-11-20 17:44:47,2019-11-20 18:16:58,5
"217","Reelease","A69-9006-5449","Releasesite3","VR2W-135452","55.40695","12.3004",2019-11-20 19:30:41,2019-11-20 19:44:26,3
"218","Reelease","A69-9006-5449","STSUB1","VR2W-135459","55.341383","11.030783",2019-12-12 14:00:04,2019-12-12 14:21:20,16
"219","Reelease","A69-9006-5450","Johnring","none","55.403733","12.29945",2019-11-20 15:45:00,2019-11-20 15:45:00,1
"220","Reelease","A69-9006-5450","Johnring","VR2W-133213","55.403733","12.29945",2019-11-20 17:55:17,2019-11-20 19:44:48,27
"221","Reelease","A69-9006-5450","Sound2","VR2W-132672","56.04825","12.6187667",2019-11-30 15:08:13,2019-11-30 15:08:13,1
"222","Reelease","A69-9006-5450","Sound4","VR2W-108765","56.0587","12.63245",2019-11-30 15:42:53,2019-11-30 15:45:27,3
"223","Reelease","A69-9006-5451","Johnring","none","55.403733","12.29945",2019-11-20 15:45:00,2019-11-20 15:45:00,1
"224","Reelease","A69-9006-5451","Releasesite3","VR2W-135452","55.40695","12.3004",2019-11-20 17:12:25,2019-11-20 17:45:13,4
"225","Reelease","A69-9006-5452","Johnring","none","55.403733","12.29945",2019-11-20 15:45:00,2019-11-20 15:45:00,1
"226","Reelease","A69-9006-5452","Johnring","VR2W-133213","55.403733","12.29945",2019-11-20 17:19:02,2019-11-20 18:25:32,13
"227","Reelease","A69-9006-5452","VB2","VR2W-125456","55.301233","10.862217",2019-12-11 21:03:35,2019-12-11 21:51:15,24
"228","Reelease","A69-9006-5453","Johnring","none","55.403733","12.29945",2019-11-20 15:45:00,2019-11-20 15:45:00,1
"229","Reelease","A69-9006-5453","Johnring","VR2W-133213","55.403733","12.29945",2019-11-20 17:22:37,2019-11-20 21:27:52,142
"230","Reelease","A69-9006-5454","Johnring","none","55.403733","12.29945",2019-11-20 15:45:00,2019-11-20 15:45:00,1
"231","Reelease","A69-9006-5454","Johnring","VR2W-133213","55.403733","12.29945",2019-11-20 17:17:40,2019-11-20 18:25:46,35
